ts_event,rtype,publisher_id,instrument_id,open,high,low,close,volume,symbol,datetime,hour
2025-11-14 09:00:00+00:00,34,2,17448,102.58,102.88,102.58,102.6,2512,WMT,2025-11-14 09:00:00+00:00,9
2025-11-14 09:00:00+00:00,34,2,9113,195.45,195.48,195.31,195.43,347,JNJ,2025-11-14 09:00:00+00:00,9
2025-11-14 09:00:00+00:00,34,2,9475,71.15,71.26,71.15,71.26,194,KO,2025-11-14 09:00:00+00:00,9
2025-11-14 09:00:00+00:00,34,2,853,235.9,237.32,235.68,236.4,12372,AMZN,2025-11-14 09:00:00+00:00,9
2025-11-14 09:00:00+00:00,34,2,1429,337.5,338.82,336.27,336.56,2812,AVGO,2025-11-14 09:00:00+00:00,9
2025-11-14 09:00:00+00:00,34,2,38,272.5,273.52,272.5,272.74,8734,AAPL,2025-11-14 09:00:00+00:00,9
2025-11-14 09:00:00+00:00,34,2,17709,118.28,118.81,118.28,118.81,1940,XOM,2025-11-14 09:00:00+00:00,9
2025-11-14 09:00:00+00:00,34,2,86,129.59,129.6,129.59,129.6,63,ABT,2025-11-14 09:00:00+00:00,9
2025-11-14 09:00:00+00:00,34,2,3942,156.4,156.81,156.4,156.81,156,CVX,2025-11-14 09:00:00+00:00,9
2025-11-14 09:00:00+00:00,34,2,2306,512.48,514.0,512.45,513.93,1448,BRK.B,2025-11-14 09:00:00+00:00,9
2025-11-14 09:00:00+00:00,34,2,12497,25.71,25.74,25.56,25.62,14654,PFE,2025-11-14 09:00:00+00:00,9
2025-11-14 09:00:00+00:00,34,2,16244,393.69,395.99,389.14,390.45,279264,TSLA,2025-11-14 09:00:00+00:00,9
2025-11-14 09:00:00+00:00,34,2,11667,184.59,185.18,183.79,184.23,92327,NVDA,2025-11-14 09:00:00+00:00,9
2025-11-14 09:00:00+00:00,34,2,7569,366.1,366.1,365.93,365.93,60,HD,2025-11-14 09:00:00+00:00,9
2025-11-14 09:00:00+00:00,34,2,12463,145.42,145.71,145.4,145.69,129,PEP,2025-11-14 09:00:00+00:00,9
2025-11-14 09:00:00+00:00,34,2,10451,606.0,607.41,605.66,606.31,9345,META,2025-11-14 09:00:00+00:00,9
2025-11-14 09:00:00+00:00,34,2,16009,578.5,578.5,578.0,578.0,10,TMO,2025-11-14 09:00:00+00:00,9
2025-11-14 09:00:00+00:00,34,2,54,232.8,232.8,232.8,232.8,25,ABBV,2025-11-14 09:00:00+00:00,9
2025-11-14 09:00:00+00:00,34,2,10193,555.0,556.92,555.0,556.0,14,MA,2025-11-14 09:00:00+00:00,9
2025-11-14 09:00:00+00:00,34,2,12540,148.04,148.49,148.04,148.37,231,PG,2025-11-14 09:00:00+00:00,9
2025-11-14 09:00:00+00:00,34,2,9928,1011.89,1019.03,1010.56,1017.33,1408,LLY,2025-11-14 09:00:00+00:00,9
2025-11-14 09:00:00+00:00,34,2,3572,925.1,926.8,925.1,926.8,431,COST,2025-11-14 09:00:00+00:00,9
2025-11-14 09:00:00+00:00,34,2,9155,309.66,309.95,308.98,309.17,188,JPM,2025-11-14 09:00:00+00:00,9
2025-11-14 09:00:00+00:00,34,2,10888,501.23,503.0,501.04,501.63,5300,MSFT,2025-11-14 09:00:00+00:00,9
2025-11-14 09:00:00+00:00,34,2,16727,336.08,336.4,335.96,336.4,51,V,2025-11-14 09:00:00+00:00,9
2025-11-14 09:00:00+00:00,34,2,10847,92.67,92.67,92.25,92.37,768,MRK,2025-11-14 09:00:00+00:00,9
2025-11-14 09:00:00+00:00,34,2,3745,77.2,77.33,77.18,77.33,1949,CSCO,2025-11-14 09:00:00+00:00,9
2025-11-14 09:00:00+00:00,34,2,7152,277.45,278.26,276.83,277.06,14300,GOOGL,2025-11-14 09:00:00+00:00,9
2025-11-14 09:00:00+00:00,34,2,16549,329.34,331.0,329.22,330.25,3798,UNH,2025-11-14 09:00:00+00:00,9
2025-11-14 10:00:00+00:00,34,2,2306,513.96,514.79,513.54,513.78,630,BRK.B,2025-11-14 10:00:00+00:00,10
2025-11-14 10:00:00+00:00,34,2,3745,77.22,77.37,77.22,77.26,2734,CSCO,2025-11-14 10:00:00+00:00,10
2025-11-14 10:00:00+00:00,34,2,16244,390.33,392.68,389.5,391.32,124082,TSLA,2025-11-14 10:00:00+00:00,10
2025-11-14 10:00:00+00:00,34,2,11667,184.16,184.95,184.06,184.51,65596,NVDA,2025-11-14 10:00:00+00:00,10
2025-11-14 10:00:00+00:00,34,2,17709,118.85,119.2,118.85,119.09,869,XOM,2025-11-14 10:00:00+00:00,10
2025-11-14 10:00:00+00:00,34,2,12540,148.43,148.46,148.24,148.24,137,PG,2025-11-14 10:00:00+00:00,10
2025-11-14 10:00:00+00:00,34,2,9928,1017.84,1018.96,1016.35,1016.35,589,LLY,2025-11-14 10:00:00+00:00,10
2025-11-14 10:00:00+00:00,34,2,10847,92.37,92.37,92.2,92.37,181,MRK,2025-11-14 10:00:00+00:00,10
2025-11-14 10:00:00+00:00,34,2,16009,577.6,577.6,577.6,577.6,7,TMO,2025-11-14 10:00:00+00:00,10
2025-11-14 10:00:00+00:00,34,2,7152,277.07,277.72,276.57,276.57,25851,GOOGL,2025-11-14 10:00:00+00:00,10
2025-11-14 10:00:00+00:00,34,2,9155,309.35,310.2,309.2,309.48,264,JPM,2025-11-14 10:00:00+00:00,10
2025-11-14 10:00:00+00:00,34,2,10193,555.0,556.31,555.0,556.31,34,MA,2025-11-14 10:00:00+00:00,10
2025-11-14 10:00:00+00:00,34,2,16727,336.4,336.49,335.97,336.07,103,V,2025-11-14 10:00:00+00:00,10
2025-11-14 10:00:00+00:00,34,2,86,129.57,129.61,129.33,129.36,48,ABT,2025-11-14 10:00:00+00:00,10
2025-11-14 10:00:00+00:00,34,2,3942,156.9,157.26,156.9,157.03,463,CVX,2025-11-14 10:00:00+00:00,10
2025-11-14 10:00:00+00:00,34,2,10451,606.31,607.6,606.0,606.13,4626,META,2025-11-14 10:00:00+00:00,10
2025-11-14 10:00:00+00:00,34,2,12497,25.61,25.65,25.54,25.6,10965,PFE,2025-11-14 10:00:00+00:00,10
2025-11-14 10:00:00+00:00,34,2,16549,329.98,330.99,329.98,330.48,1165,UNH,2025-11-14 10:00:00+00:00,10
2025-11-14 10:00:00+00:00,34,2,17448,102.9,102.9,102.61,102.74,139,WMT,2025-11-14 10:00:00+00:00,10
2025-11-14 10:00:00+00:00,34,2,168,247.0,247.0,246.75,246.75,50,ACN,2025-11-14 10:00:00+00:00,10
2025-11-14 10:00:00+00:00,34,2,7569,365.81,366.5,365.0,365.0,493,HD,2025-11-14 10:00:00+00:00,10
2025-11-14 10:00:00+00:00,34,2,10888,501.6,502.7,501.3,501.78,2303,MSFT,2025-11-14 10:00:00+00:00,10
2025-11-14 10:00:00+00:00,34,2,12463,145.61,145.8,145.61,145.75,123,PEP,2025-11-14 10:00:00+00:00,10
2025-11-14 10:00:00+00:00,34,2,3572,926.79,927.1,925.87,927.1,112,COST,2025-11-14 10:00:00+00:00,10
2025-11-14 10:00:00+00:00,34,2,9113,195.38,195.6,195.26,195.39,161,JNJ,2025-11-14 10:00:00+00:00,10
2025-11-14 10:00:00+00:00,34,2,9475,71.25,71.25,71.17,71.17,390,KO,2025-11-14 10:00:00+00:00,10
2025-11-14 10:00:00+00:00,34,2,853,236.39,237.1,236.33,236.35,9477,AMZN,2025-11-14 10:00:00+00:00,10
2025-11-14 10:00:00+00:00,34,2,1429,336.11,338.6,336.0,337.97,6757,AVGO,2025-11-14 10:00:00+00:00,10
2025-11-14 10:00:00+00:00,34,2,38,272.63,273.09,272.3,272.32,3383,AAPL,2025-11-14 10:00:00+00:00,10
2025-11-14 11:00:00+00:00,34,2,9155,309.02,309.26,308.01,308.59,781,JPM,2025-11-14 11:00:00+00:00,11
2025-11-14 11:00:00+00:00,34,2,853,236.36,236.36,234.12,234.94,37959,AMZN,2025-11-14 11:00:00+00:00,11
2025-11-14 11:00:00+00:00,34,2,3942,156.95,156.99,156.28,156.29,1324,CVX,2025-11-14 11:00:00+00:00,11
2025-11-14 11:00:00+00:00,34,2,2306,513.83,514.67,513.14,514.0,2170,BRK.B,2025-11-14 11:00:00+00:00,11
2025-11-14 11:00:00+00:00,34,2,17709,119.13,119.27,118.39,118.6,2178,XOM,2025-11-14 11:00:00+00:00,11
2025-11-14 11:00:00+00:00,34,2,12540,148.24,148.63,148.24,148.41,199,PG,2025-11-14 11:00:00+00:00,11
2025-11-14 11:00:00+00:00,34,2,86,129.33,129.33,129.33,129.33,4,ABT,2025-11-14 11:00:00+00:00,11
2025-11-14 11:00:00+00:00,34,2,9928,1016.71,1018.04,1014.05,1015.0,1570,LLY,2025-11-14 11:00:00+00:00,11
2025-11-14 11:00:00+00:00,34,2,12463,145.53,145.89,145.4,145.89,454,PEP,2025-11-14 11:00:00+00:00,11
2025-11-14 11:00:00+00:00,34,2,10451,606.02,606.32,601.5,603.65,31703,META,2025-11-14 11:00:00+00:00,11
2025-11-14 11:00:00+00:00,34,2,7152,276.57,276.68,272.75,274.05,64978,GOOGL,2025-11-14 11:00:00+00:00,11
2025-11-14 11:00:00+00:00,34,2,12497,25.57,25.65,25.55,25.65,9572,PFE,2025-11-14 11:00:00+00:00,11
2025-11-14 11:00:00+00:00,34,2,16549,330.54,330.54,326.47,327.97,14454,UNH,2025-11-14 11:00:00+00:00,11
2025-11-14 11:00:00+00:00,34,2,9113,195.37,195.51,195.18,195.51,1351,JNJ,2025-11-14 11:00:00+00:00,11
2025-11-14 11:00:00+00:00,34,2,11667,184.46,184.5,182.05,182.84,363825,NVDA,2025-11-14 11:00:00+00:00,11
2025-11-14 11:00:00+00:00,34,2,7569,365.0,365.2,364.98,364.98,330,HD,2025-11-14 11:00:00+00:00,11
2025-11-14 11:00:00+00:00,34,2,10193,555.02,555.9,554.07,555.6,191,MA,2025-11-14 11:00:00+00:00,11
2025-11-14 11:00:00+00:00,34,2,10888,501.55,501.64,499.38,500.46,7623,MSFT,2025-11-14 11:00:00+00:00,11
2025-11-14 11:00:00+00:00,34,2,16727,335.95,336.48,335.51,336.48,208,V,2025-11-14 11:00:00+00:00,11
2025-11-14 11:00:00+00:00,34,2,10847,92.38,92.64,92.16,92.2,5371,MRK,2025-11-14 11:00:00+00:00,11
2025-11-14 11:00:00+00:00,34,2,3572,926.76,927.94,925.58,927.94,294,COST,2025-11-14 11:00:00+00:00,11
2025-11-14 11:00:00+00:00,34,2,16244,391.31,391.32,385.61,387.86,361668,TSLA,2025-11-14 11:00:00+00:00,11
2025-11-14 11:00:00+00:00,34,2,54,232.39,233.26,232.39,233.26,94,ABBV,2025-11-14 11:00:00+00:00,11
2025-11-14 11:00:00+00:00,34,2,17448,102.8,102.81,102.65,102.81,1360,WMT,2025-11-14 11:00:00+00:00,11
2025-11-14 11:00:00+00:00,34,2,168,246.54,246.83,245.99,246.74,240,ACN,2025-11-14 11:00:00+00:00,11
2025-11-14 11:00:00+00:00,34,2,9475,71.17,71.34,71.17,71.33,790,KO,2025-11-14 11:00:00+00:00,11
2025-11-14 11:00:00+00:00,34,2,1429,337.54,337.68,334.58,336.41,9300,AVGO,2025-11-14 11:00:00+00:00,11
2025-11-14 11:00:00+00:00,34,2,38,272.4,272.43,271.6,272.27,30244,AAPL,2025-11-14 11:00:00+00:00,11
2025-11-14 11:00:00+00:00,34,2,3745,77.21,77.21,76.8,77.0,15078,CSCO,2025-11-14 11:00:00+00:00,11
2025-11-14 11:00:00+00:00,34,2,16009,577.6,577.6,577.6,577.6,2,TMO,2025-11-14 11:00:00+00:00,11
2025-11-14 12:00:00+00:00,34,2,3942,156.44,157.0,156.44,156.84,1738,CVX,2025-11-14 12:00:00+00:00,12
2025-11-14 12:00:00+00:00,34,2,3745,76.87,77.14,76.62,76.99,19012,CSCO,2025-11-14 12:00:00+00:00,12
2025-11-14 12:00:00+00:00,34,2,7152,274.18,275.0,270.31,271.44,132325,GOOGL,2025-11-14 12:00:00+00:00,12
2025-11-14 12:00:00+00:00,34,2,12497,25.65,25.65,25.47,25.48,28466,PFE,2025-11-14 12:00:00+00:00,12
2025-11-14 12:00:00+00:00,34,2,168,246.54,246.54,245.78,245.91,105,ACN,2025-11-14 12:00:00+00:00,12
2025-11-14 12:00:00+00:00,34,2,9475,71.34,71.58,71.31,71.52,8556,KO,2025-11-14 12:00:00+00:00,12
2025-11-14 12:00:00+00:00,34,2,12540,148.58,149.02,148.55,149.0,726,PG,2025-11-14 12:00:00+00:00,12
2025-11-14 12:00:00+00:00,34,2,9928,1016.34,1017.1,1009.23,1011.0,5487,LLY,2025-11-14 12:00:00+00:00,12
2025-11-14 12:00:00+00:00,34,2,3572,927.62,930.7,926.78,930.7,990,COST,2025-11-14 12:00:00+00:00,12
2025-11-14 12:00:00+00:00,34,2,16244,387.86,388.38,381.07,383.36,630941,TSLA,2025-11-14 12:00:00+00:00,12
2025-11-14 12:00:00+00:00,34,2,17448,102.72,102.99,102.72,102.77,670,WMT,2025-11-14 12:00:00+00:00,12
2025-11-14 12:00:00+00:00,34,2,853,235.0,235.18,232.65,233.32,107701,AMZN,2025-11-14 12:00:00+00:00,12
2025-11-14 12:00:00+00:00,34,2,38,272.29,273.0,270.69,271.47,61721,AAPL,2025-11-14 12:00:00+00:00,12
2025-11-14 12:00:00+00:00,34,2,7569,365.0,366.91,364.52,366.48,746,HD,2025-11-14 12:00:00+00:00,12
2025-11-14 12:00:00+00:00,34,2,10193,555.4,556.78,555.4,555.71,274,MA,2025-11-14 12:00:00+00:00,12
2025-11-14 12:00:00+00:00,34,2,16727,336.6,336.85,335.99,336.2,746,V,2025-11-14 12:00:00+00:00,12
2025-11-14 12:00:00+00:00,34,2,86,129.26,129.84,129.26,129.77,95,ABT,2025-11-14 12:00:00+00:00,12
2025-11-14 12:00:00+00:00,34,2,10847,92.15,92.34,91.43,91.73,1240,MRK,2025-11-14 12:00:00+00:00,12
2025-11-14 12:00:00+00:00,34,2,16009,578.0,578.0,577.51,577.51,13,TMO,2025-11-14 12:00:00+00:00,12
2025-11-14 12:00:00+00:00,34,2,9155,308.76,309.01,306.79,307.8,2962,JPM,2025-11-14 12:00:00+00:00,12
2025-11-14 12:00:00+00:00,34,2,11667,182.88,182.9,180.39,180.9,636008,NVDA,2025-11-14 12:00:00+00:00,12
2025-11-14 12:00:00+00:00,34,2,10888,500.46,501.0,498.65,500.3,27233,MSFT,2025-11-14 12:00:00+00:00,12
2025-11-14 12:00:00+00:00,34,2,12463,145.89,146.4,145.74,146.37,4577,PEP,2025-11-14 12:00:00+00:00,12
2025-11-14 12:00:00+00:00,34,2,2306,514.01,515.27,513.6,514.75,5313,BRK.B,2025-11-14 12:00:00+00:00,12
2025-11-14 12:00:00+00:00,34,2,10451,604.0,604.53,596.08,599.0,92454,META,2025-11-14 12:00:00+00:00,12
2025-11-14 12:00:00+00:00,34,2,16549,327.82,327.94,325.3,326.66,15100,UNH,2025-11-14 12:00:00+00:00,12
2025-11-14 12:00:00+00:00,34,2,54,233.39,234.41,232.79,234.01,1136,ABBV,2025-11-14 12:00:00+00:00,12
2025-11-14 12:00:00+00:00,34,2,9113,195.35,195.83,195.03,195.66,1552,JNJ,2025-11-14 12:00:00+00:00,12
2025-11-14 12:00:00+00:00,34,2,1429,336.5,336.59,331.27,331.98,31059,AVGO,2025-11-14 12:00:00+00:00,12
2025-11-14 12:00:00+00:00,34,2,17709,118.6,118.87,118.45,118.49,6551,XOM,2025-11-14 12:00:00+00:00,12
2025-11-14 13:00:00+00:00,34,2,17448,102.77,102.8,98.55,100.01,169261,WMT,2025-11-14 13:00:00+00:00,13
2025-11-14 13:00:00+00:00,34,2,9113,195.66,195.78,195.19,195.42,1204,JNJ,2025-11-14 13:00:00+00:00,13
2025-11-14 13:00:00+00:00,34,2,9155,307.75,308.65,306.88,308.17,1033,JPM,2025-11-14 13:00:00+00:00,13
2025-11-14 13:00:00+00:00,34,2,10888,500.0,500.89,497.88,498.25,27820,MSFT,2025-11-14 13:00:00+00:00,13
2025-11-14 13:00:00+00:00,34,2,16549,326.66,327.6,325.75,326.61,17489,UNH,2025-11-14 13:00:00+00:00,13
2025-11-14 13:00:00+00:00,34,2,168,245.78,246.49,245.07,246.35,227,ACN,2025-11-14 13:00:00+00:00,13
2025-11-14 13:00:00+00:00,34,2,853,233.29,233.99,232.76,233.16,82412,AMZN,2025-11-14 13:00:00+00:00,13
2025-11-14 13:00:00+00:00,34,2,1429,332.1,332.86,329.69,332.32,22619,AVGO,2025-11-14 13:00:00+00:00,13
2025-11-14 13:00:00+00:00,34,2,7569,366.48,366.58,364.5,365.0,763,HD,2025-11-14 13:00:00+00:00,13
2025-11-14 13:00:00+00:00,34,2,17709,118.71,118.72,118.33,118.58,5628,XOM,2025-11-14 13:00:00+00:00,13
2025-11-14 13:00:00+00:00,34,2,10193,555.8,556.77,554.3,556.1,530,MA,2025-11-14 13:00:00+00:00,13
2025-11-14 13:00:00+00:00,34,2,12540,149.0,149.24,148.76,149.24,825,PG,2025-11-14 13:00:00+00:00,13
2025-11-14 13:00:00+00:00,34,2,86,129.46,129.85,129.46,129.74,778,ABT,2025-11-14 13:00:00+00:00,13
2025-11-14 13:00:00+00:00,34,2,12463,146.35,146.5,146.07,146.44,3446,PEP,2025-11-14 13:00:00+00:00,13
2025-11-14 13:00:00+00:00,34,2,3572,930.97,930.98,926.14,928.5,3832,COST,2025-11-14 13:00:00+00:00,13
2025-11-14 13:00:00+00:00,34,2,16009,577.66,577.76,576.16,577.76,28,TMO,2025-11-14 13:00:00+00:00,13
2025-11-14 13:00:00+00:00,34,2,12497,25.48,25.52,25.33,25.49,26693,PFE,2025-11-14 13:00:00+00:00,13
2025-11-14 13:00:00+00:00,34,2,11667,180.88,181.75,180.6,181.3,441044,NVDA,2025-11-14 13:00:00+00:00,13
2025-11-14 13:00:00+00:00,34,2,10847,91.63,91.74,91.57,91.72,1231,MRK,2025-11-14 13:00:00+00:00,13
2025-11-14 13:00:00+00:00,34,2,16244,383.43,386.02,380.98,383.23,603269,TSLA,2025-11-14 13:00:00+00:00,13
2025-11-14 13:00:00+00:00,34,2,54,233.92,234.41,232.87,233.95,1800,ABBV,2025-11-14 13:00:00+00:00,13
2025-11-14 13:00:00+00:00,34,2,9475,71.52,71.58,71.35,71.45,3949,KO,2025-11-14 13:00:00+00:00,13
2025-11-14 13:00:00+00:00,34,2,38,271.43,271.78,270.58,271.35,49612,AAPL,2025-11-14 13:00:00+00:00,13
2025-11-14 13:00:00+00:00,34,2,16727,336.26,336.86,335.64,336.09,906,V,2025-11-14 13:00:00+00:00,13
2025-11-14 13:00:00+00:00,34,2,9928,1010.27,1012.8,1004.0,1007.63,4746,LLY,2025-11-14 13:00:00+00:00,13
2025-11-14 13:00:00+00:00,34,2,3942,156.66,156.95,156.6,156.77,939,CVX,2025-11-14 13:00:00+00:00,13
2025-11-14 13:00:00+00:00,34,2,2306,514.75,516.0,514.2,514.9,6272,BRK.B,2025-11-14 13:00:00+00:00,13
2025-11-14 13:00:00+00:00,34,2,10451,598.88,600.41,596.01,598.31,74712,META,2025-11-14 13:00:00+00:00,13
2025-11-14 13:00:00+00:00,34,2,3745,77.03,77.18,76.81,77.03,9696,CSCO,2025-11-14 13:00:00+00:00,13
2025-11-14 13:00:00+00:00,34,2,7152,271.3,272.7,270.59,272.22,128412,GOOGL,2025-11-14 13:00:00+00:00,13
2025-11-14 14:00:00+00:00,34,2,12463,146.44,146.73,143.92,143.98,287202,PEP,2025-11-14 14:00:00+00:00,14
2025-11-14 14:00:00+00:00,34,2,3942,156.91,156.97,154.81,155.42,104103,CVX,2025-11-14 14:00:00+00:00,14
2025-11-14 14:00:00+00:00,34,2,10847,91.71,93.38,91.5,93.07,566016,MRK,2025-11-14 14:00:00+00:00,14
2025-11-14 14:00:00+00:00,34,2,16549,326.6,328.17,322.5,323.21,110405,UNH,2025-11-14 14:00:00+00:00,14
2025-11-14 14:00:00+00:00,34,2,54,233.94,234.91,230.92,232.91,58971,ABBV,2025-11-14 14:00:00+00:00,14
2025-11-14 14:00:00+00:00,34,2,9113,195.5,195.75,193.55,194.6,162494,JNJ,2025-11-14 14:00:00+00:00,14
2025-11-14 14:00:00+00:00,34,2,9155,308.23,309.19,301.19,306.57,179883,JPM,2025-11-14 14:00:00+00:00,14
2025-11-14 14:00:00+00:00,34,2,168,246.02,249.25,244.06,245.57,66218,ACN,2025-11-14 14:00:00+00:00,14
2025-11-14 14:00:00+00:00,34,2,9475,71.44,71.64,70.745,70.795,309518,KO,2025-11-14 14:00:00+00:00,14
2025-11-14 14:00:00+00:00,34,2,38,271.35,273.07,269.6,273.01,2774507,AAPL,2025-11-14 14:00:00+00:00,14
2025-11-14 14:00:00+00:00,34,2,17709,118.48,118.77,116.68,117.45,292131,XOM,2025-11-14 14:00:00+00:00,14
2025-11-14 14:00:00+00:00,34,2,12540,149.2,149.44,147.84,148.035,114481,PG,2025-11-14 14:00:00+00:00,14
2025-11-14 14:00:00+00:00,34,2,86,129.75,130.95,128.81,128.96,191989,ABT,2025-11-14 14:00:00+00:00,14
2025-11-14 14:00:00+00:00,34,2,10451,598.28,604.66,595.2,604.2,1135810,META,2025-11-14 14:00:00+00:00,14
2025-11-14 14:00:00+00:00,34,2,3572,928.1,928.88,915.1,916.98,100159,COST,2025-11-14 14:00:00+00:00,14
2025-11-14 14:00:00+00:00,34,2,12497,25.48,25.77,25.14,25.22,1178298,PFE,2025-11-14 14:00:00+00:00,14
2025-11-14 14:00:00+00:00,34,2,16244,383.2,398.68,382.49,398.09,4847571,TSLA,2025-11-14 14:00:00+00:00,14
2025-11-14 14:00:00+00:00,34,2,17448,100.05,101.35,98.9,100.98,887898,WMT,2025-11-14 14:00:00+00:00,14
2025-11-14 14:00:00+00:00,34,2,1429,332.32,339.61,329.05,338.02,1164839,AVGO,2025-11-14 14:00:00+00:00,14
2025-11-14 14:00:00+00:00,34,2,11667,181.35,187.81,180.58,186.97,11014033,NVDA,2025-11-14 14:00:00+00:00,14
2025-11-14 14:00:00+00:00,34,2,10888,498.18,503.06,496.5,502.34,1143575,MSFT,2025-11-14 14:00:00+00:00,14
2025-11-14 14:00:00+00:00,34,2,2306,514.9,516.54,507.31,510.0,77252,BRK.B,2025-11-14 14:00:00+00:00,14
2025-11-14 14:00:00+00:00,34,2,3745,77.05,77.58,75.845,76.84,2463748,CSCO,2025-11-14 14:00:00+00:00,14
2025-11-14 14:00:00+00:00,34,2,16009,577.0,581.06,573.11,577.06,26966,TMO,2025-11-14 14:00:00+00:00,14
2025-11-14 14:00:00+00:00,34,2,7152,272.3,276.47,270.61,276.17,2591781,GOOGL,2025-11-14 14:00:00+00:00,14
2025-11-14 14:00:00+00:00,34,2,853,233.15,236.08,232.88,235.42,2375319,AMZN,2025-11-14 14:00:00+00:00,14
2025-11-14 14:00:00+00:00,34,2,7569,365.34,367.0,359.81,360.5,61587,HD,2025-11-14 14:00:00+00:00,14
2025-11-14 14:00:00+00:00,34,2,10193,556.6,557.47,548.88,549.46,16461,MA,2025-11-14 14:00:00+00:00,14
2025-11-14 14:00:00+00:00,34,2,16727,336.42,336.67,330.87,331.125,87447,V,2025-11-14 14:00:00+00:00,14
2025-11-14 14:00:00+00:00,34,2,9928,1006.17,1025.82,1003.0,1024.92,90320,LLY,2025-11-14 14:00:00+00:00,14
2025-11-14 15:00:00+00:00,34,2,54,233.01,233.31,230.32,232.32,84060,ABBV,2025-11-14 15:00:00+00:00,15
2025-11-14 15:00:00+00:00,34,2,9113,194.55,195.37,194.3,195.16,209863,JNJ,2025-11-14 15:00:00+00:00,15
2025-11-14 15:00:00+00:00,34,2,9155,306.66,307.1,303.31,306.32,197495,JPM,2025-11-14 15:00:00+00:00,15
2025-11-14 15:00:00+00:00,34,2,9475,70.795,71.13,70.655,70.855,223377,KO,2025-11-14 15:00:00+00:00,15
2025-11-14 15:00:00+00:00,34,2,11667,186.96,189.52,185.48,188.58,5329805,NVDA,2025-11-14 15:00:00+00:00,15
2025-11-14 15:00:00+00:00,34,2,38,273.01,274.53,272.16,274.24,1612450,AAPL,2025-11-14 15:00:00+00:00,15
2025-11-14 15:00:00+00:00,34,2,17709,117.48,118.31,117.385,118.26,308204,XOM,2025-11-14 15:00:00+00:00,15
2025-11-14 15:00:00+00:00,34,2,10888,502.42,507.45,501.7,506.91,541575,MSFT,2025-11-14 15:00:00+00:00,15
2025-11-14 15:00:00+00:00,34,2,10451,604.19,612.0,601.1,610.41,604039,META,2025-11-14 15:00:00+00:00,15
2025-11-14 15:00:00+00:00,34,2,12497,25.21,25.225,24.97,25.1,1079302,PFE,2025-11-14 15:00:00+00:00,15
2025-11-14 15:00:00+00:00,34,2,168,245.475,248.12,245.01,247.31,47050,ACN,2025-11-14 15:00:00+00:00,15
2025-11-14 15:00:00+00:00,34,2,853,235.42,238.47,234.86,237.85,1110760,AMZN,2025-11-14 15:00:00+00:00,15
2025-11-14 15:00:00+00:00,34,2,7569,360.32,364.79,360.0,363.27,79577,HD,2025-11-14 15:00:00+00:00,15
2025-11-14 15:00:00+00:00,34,2,10193,549.13,552.07,548.75,550.395,17613,MA,2025-11-14 15:00:00+00:00,15
2025-11-14 15:00:00+00:00,34,2,16727,331.03,332.165,330.23,331.49,229752,V,2025-11-14 15:00:00+00:00,15
2025-11-14 15:00:00+00:00,34,2,3942,155.44,156.25,154.93,156.25,183432,CVX,2025-11-14 15:00:00+00:00,15
2025-11-14 15:00:00+00:00,34,2,3745,76.84,77.77,76.67,77.765,1071444,CSCO,2025-11-14 15:00:00+00:00,15
2025-11-14 15:00:00+00:00,34,2,3572,916.85,922.33,916.49,920.83,58489,COST,2025-11-14 15:00:00+00:00,15
2025-11-14 15:00:00+00:00,34,2,1429,338.02,341.3,333.6,340.35,511419,AVGO,2025-11-14 15:00:00+00:00,15
2025-11-14 15:00:00+00:00,34,2,86,129.0,130.11,128.87,129.89,172410,ABT,2025-11-14 15:00:00+00:00,15
2025-11-14 15:00:00+00:00,34,2,9928,1024.45,1030.07,1019.01,1026.16,100072,LLY,2025-11-14 15:00:00+00:00,15
2025-11-14 15:00:00+00:00,34,2,2306,509.98,510.36,506.43,508.145,52470,BRK.B,2025-11-14 15:00:00+00:00,15
2025-11-14 15:00:00+00:00,34,2,17448,100.98,101.36,100.36,101.17,434488,WMT,2025-11-14 15:00:00+00:00,15
2025-11-14 15:00:00+00:00,34,2,12540,148.02,148.96,148.01,148.25,266182,PG,2025-11-14 15:00:00+00:00,15
2025-11-14 15:00:00+00:00,34,2,12463,143.99,144.88,143.905,144.46,129258,PEP,2025-11-14 15:00:00+00:00,15
2025-11-14 15:00:00+00:00,34,2,10847,93.05,93.96,92.85,93.78,1073623,MRK,2025-11-14 15:00:00+00:00,15
2025-11-14 15:00:00+00:00,34,2,16009,576.72,582.61,574.35,578.0,19749,TMO,2025-11-14 15:00:00+00:00,15
2025-11-14 15:00:00+00:00,34,2,7152,276.15,278.46,274.68,277.23,1365540,GOOGL,2025-11-14 15:00:00+00:00,15
2025-11-14 15:00:00+00:00,34,2,16244,398.13,405.84,391.14,405.28,4388825,TSLA,2025-11-14 15:00:00+00:00,15
2025-11-14 15:00:00+00:00,34,2,16549,323.2,324.5,320.8,322.12,127959,UNH,2025-11-14 15:00:00+00:00,15
2025-11-14 16:00:00+00:00,34,2,10847,93.8,94.85,93.74,94.83,465474,MRK,2025-11-14 16:00:00+00:00,16
2025-11-14 16:00:00+00:00,34,2,7152,277.21,278.56,276.28,277.86,860038,GOOGL,2025-11-14 16:00:00+00:00,16
2025-11-14 16:00:00+00:00,34,2,168,247.38,248.09,246.88,247.705,31520,ACN,2025-11-14 16:00:00+00:00,16
2025-11-14 16:00:00+00:00,34,2,853,237.84,238.73,237.15,237.87,669338,AMZN,2025-11-14 16:00:00+00:00,16
2025-11-14 16:00:00+00:00,34,2,7569,363.3,364.36,362.71,364.36,35271,HD,2025-11-14 16:00:00+00:00,16
2025-11-14 16:00:00+00:00,34,2,12540,148.22,148.36,147.62,148.29,167830,PG,2025-11-14 16:00:00+00:00,16
2025-11-14 16:00:00+00:00,34,2,16727,331.52,332.08,330.94,331.97,92410,V,2025-11-14 16:00:00+00:00,16
2025-11-14 16:00:00+00:00,34,2,3942,156.26,157.23,156.09,157.04,146629,CVX,2025-11-14 16:00:00+00:00,16
2025-11-14 16:00:00+00:00,34,2,10451,610.37,612.0,606.97,609.15,425045,META,2025-11-14 16:00:00+00:00,16
2025-11-14 16:00:00+00:00,34,2,16009,578.21,582.93,577.23,582.29,15702,TMO,2025-11-14 16:00:00+00:00,16
2025-11-14 16:00:00+00:00,34,2,12497,25.105,25.375,25.085,25.34,1254129,PFE,2025-11-14 16:00:00+00:00,16
2025-11-14 16:00:00+00:00,34,2,16549,322.12,323.28,320.84,322.59,63267,UNH,2025-11-14 16:00:00+00:00,16
2025-11-14 16:00:00+00:00,34,2,38,274.26,274.86,273.52,274.8,1354775,AAPL,2025-11-14 16:00:00+00:00,16
2025-11-14 16:00:00+00:00,34,2,10193,550.39,552.21,549.42,550.62,22249,MA,2025-11-14 16:00:00+00:00,16
2025-11-14 16:00:00+00:00,34,2,86,129.88,130.13,129.57,130.07,84118,ABT,2025-11-14 16:00:00+00:00,16
2025-11-14 16:00:00+00:00,34,2,12463,144.45,145.16,144.44,145.11,111750,PEP,2025-11-14 16:00:00+00:00,16
2025-11-14 16:00:00+00:00,34,2,54,232.32,233.2,232.13,232.66,56387,ABBV,2025-11-14 16:00:00+00:00,16
2025-11-14 16:00:00+00:00,34,2,17448,101.17,101.52,100.97,101.425,313136,WMT,2025-11-14 16:00:00+00:00,16
2025-11-14 16:00:00+00:00,34,2,9113,195.13,195.64,195.01,195.56,114460,JNJ,2025-11-14 16:00:00+00:00,16
2025-11-14 16:00:00+00:00,34,2,9155,306.37,306.54,304.23,305.66,114374,JPM,2025-11-14 16:00:00+00:00,16
2025-11-14 16:00:00+00:00,34,2,9475,70.855,70.96,70.6,70.685,141489,KO,2025-11-14 16:00:00+00:00,16
2025-11-14 16:00:00+00:00,34,2,11667,188.58,190.685,187.56,190.02,4029905,NVDA,2025-11-14 16:00:00+00:00,16
2025-11-14 16:00:00+00:00,34,2,17709,118.27,118.93,118.19,118.85,269019,XOM,2025-11-14 16:00:00+00:00,16
2025-11-14 16:00:00+00:00,34,2,10888,506.92,510.59,506.69,510.46,479703,MSFT,2025-11-14 16:00:00+00:00,16
2025-11-14 16:00:00+00:00,34,2,2306,508.28,510.595,507.9,510.44,29050,BRK.B,2025-11-14 16:00:00+00:00,16
2025-11-14 16:00:00+00:00,34,2,3745,77.77,78.56,77.3,78.2,1206373,CSCO,2025-11-14 16:00:00+00:00,16
2025-11-14 16:00:00+00:00,34,2,3572,920.65,922.1,917.44,921.49,32852,COST,2025-11-14 16:00:00+00:00,16
2025-11-14 16:00:00+00:00,34,2,16244,405.29,412.17,401.55,409.12,3058575,TSLA,2025-11-14 16:00:00+00:00,16
2025-11-14 16:00:00+00:00,34,2,1429,340.39,344.5,338.45,343.41,381626,AVGO,2025-11-14 16:00:00+00:00,16
2025-11-14 16:00:00+00:00,34,2,9928,1025.69,1033.0,1023.62,1029.57,58578,LLY,2025-11-14 16:00:00+00:00,16
2025-11-14 17:00:00+00:00,34,2,54,232.75,234.5,232.69,234.42,33319,ABBV,2025-11-14 17:00:00+00:00,17
2025-11-14 17:00:00+00:00,34,2,17448,101.42,101.85,101.25,101.75,230565,WMT,2025-11-14 17:00:00+00:00,17
2025-11-14 17:00:00+00:00,34,2,9475,70.69,70.99,70.63,70.905,110205,KO,2025-11-14 17:00:00+00:00,17
2025-11-14 17:00:00+00:00,34,2,38,274.8,275.96,274.56,275.12,970569,AAPL,2025-11-14 17:00:00+00:00,17
2025-11-14 17:00:00+00:00,34,2,7569,364.385,365.57,363.91,364.7,38235,HD,2025-11-14 17:00:00+00:00,17
2025-11-14 17:00:00+00:00,34,2,12463,145.08,145.55,144.72,145.35,98594,PEP,2025-11-14 17:00:00+00:00,17
2025-11-14 17:00:00+00:00,34,2,10847,94.83,95.07,94.42,94.7,400785,MRK,2025-11-14 17:00:00+00:00,17
2025-11-14 17:00:00+00:00,34,2,12497,25.34,25.545,25.335,25.45,816036,PFE,2025-11-14 17:00:00+00:00,17
2025-11-14 17:00:00+00:00,34,2,1429,343.36,344.75,342.065,342.8,314127,AVGO,2025-11-14 17:00:00+00:00,17
2025-11-14 17:00:00+00:00,34,2,11667,190.0,190.4,188.84,189.42,2677954,NVDA,2025-11-14 17:00:00+00:00,17
2025-11-14 17:00:00+00:00,34,2,10193,550.61,552.08,550.14,550.5,16790,MA,2025-11-14 17:00:00+00:00,17
2025-11-14 17:00:00+00:00,34,2,12540,148.29,148.5,147.845,147.92,133177,PG,2025-11-14 17:00:00+00:00,17
2025-11-14 17:00:00+00:00,34,2,86,130.01,130.32,129.98,130.21,40238,ABT,2025-11-14 17:00:00+00:00,17
2025-11-14 17:00:00+00:00,34,2,3942,157.02,157.41,156.54,157.41,122374,CVX,2025-11-14 17:00:00+00:00,17
2025-11-14 17:00:00+00:00,34,2,3745,78.19,78.45,77.98,78.18,546329,CSCO,2025-11-14 17:00:00+00:00,17
2025-11-14 17:00:00+00:00,34,2,3572,921.42,925.89,920.45,924.59,26370,COST,2025-11-14 17:00:00+00:00,17
2025-11-14 17:00:00+00:00,34,2,7152,277.85,278.35,276.86,277.25,576499,GOOGL,2025-11-14 17:00:00+00:00,17
2025-11-14 17:00:00+00:00,34,2,16244,409.08,410.49,406.55,409.04,1586536,TSLA,2025-11-14 17:00:00+00:00,17
2025-11-14 17:00:00+00:00,34,2,9113,195.52,196.37,195.47,196.26,96509,JNJ,2025-11-14 17:00:00+00:00,17
2025-11-14 17:00:00+00:00,34,2,9155,305.62,306.38,305.28,305.66,74367,JPM,2025-11-14 17:00:00+00:00,17
2025-11-14 17:00:00+00:00,34,2,16727,331.96,332.22,330.8,331.165,77947,V,2025-11-14 17:00:00+00:00,17
2025-11-14 17:00:00+00:00,34,2,16009,582.3,584.27,581.82,583.55,7986,TMO,2025-11-14 17:00:00+00:00,17
2025-11-14 17:00:00+00:00,34,2,168,247.61,248.12,246.84,247.14,14279,ACN,2025-11-14 17:00:00+00:00,17
2025-11-14 17:00:00+00:00,34,2,853,237.85,238.28,236.37,236.61,639020,AMZN,2025-11-14 17:00:00+00:00,17
2025-11-14 17:00:00+00:00,34,2,17709,118.84,119.06,118.56,118.99,188305,XOM,2025-11-14 17:00:00+00:00,17
2025-11-14 17:00:00+00:00,34,2,10888,510.46,511.41,508.075,508.31,336598,MSFT,2025-11-14 17:00:00+00:00,17
2025-11-14 17:00:00+00:00,34,2,9928,1029.69,1033.25,1028.865,1030.64,44035,LLY,2025-11-14 17:00:00+00:00,17
2025-11-14 17:00:00+00:00,34,2,2306,510.38,511.04,509.58,510.37,23894,BRK.B,2025-11-14 17:00:00+00:00,17
2025-11-14 17:00:00+00:00,34,2,10451,609.08,612.93,608.38,610.33,282163,META,2025-11-14 17:00:00+00:00,17
2025-11-14 17:00:00+00:00,34,2,16549,322.53,323.41,321.81,322.28,85278,UNH,2025-11-14 17:00:00+00:00,17
2025-11-14 18:00:00+00:00,34,2,10451,610.29,612.06,607.83,611.97,225174,META,2025-11-14 18:00:00+00:00,18
2025-11-14 18:00:00+00:00,34,2,12497,25.45,25.45,25.135,25.155,601336,PFE,2025-11-14 18:00:00+00:00,18
2025-11-14 18:00:00+00:00,34,2,16549,322.31,323.32,320.85,323.32,75206,UNH,2025-11-14 18:00:00+00:00,18
2025-11-14 18:00:00+00:00,34,2,9475,70.9,70.905,70.77,70.79,164388,KO,2025-11-14 18:00:00+00:00,18
2025-11-14 18:00:00+00:00,34,2,853,236.6,236.79,235.2,236.24,628081,AMZN,2025-11-14 18:00:00+00:00,18
2025-11-14 18:00:00+00:00,34,2,16009,583.13,583.15,579.93,582.33,10492,TMO,2025-11-14 18:00:00+00:00,18
2025-11-14 18:00:00+00:00,34,2,16244,409.03,410.57,404.54,407.3,1951800,TSLA,2025-11-14 18:00:00+00:00,18
2025-11-14 18:00:00+00:00,34,2,168,247.04,247.15,245.44,246.08,25312,ACN,2025-11-14 18:00:00+00:00,18
2025-11-14 18:00:00+00:00,34,2,10193,550.61,550.61,546.41,547.23,28227,MA,2025-11-14 18:00:00+00:00,18
2025-11-14 18:00:00+00:00,34,2,3942,157.41,157.68,157.12,157.43,125393,CVX,2025-11-14 18:00:00+00:00,18
2025-11-14 18:00:00+00:00,34,2,7152,277.22,277.72,276.145,276.99,556938,GOOGL,2025-11-14 18:00:00+00:00,18
2025-11-14 18:00:00+00:00,34,2,9113,196.255,196.61,195.95,196.58,101157,JNJ,2025-11-14 18:00:00+00:00,18
2025-11-14 18:00:00+00:00,34,2,11667,189.42,189.81,188.4,189.48,2443977,NVDA,2025-11-14 18:00:00+00:00,18
2025-11-14 18:00:00+00:00,34,2,38,275.12,275.12,273.85,274.18,612161,AAPL,2025-11-14 18:00:00+00:00,18
2025-11-14 18:00:00+00:00,34,2,7569,364.69,364.71,363.2,363.56,30456,HD,2025-11-14 18:00:00+00:00,18
2025-11-14 18:00:00+00:00,34,2,17709,118.98,119.155,118.75,119.11,148597,XOM,2025-11-14 18:00:00+00:00,18
2025-11-14 18:00:00+00:00,34,2,86,130.2,130.44,130.0,130.44,59456,ABT,2025-11-14 18:00:00+00:00,18
2025-11-14 18:00:00+00:00,34,2,12463,145.32,145.68,145.08,145.68,81964,PEP,2025-11-14 18:00:00+00:00,18
2025-11-14 18:00:00+00:00,34,2,2306,510.3,512.37,509.57,512.17,35144,BRK.B,2025-11-14 18:00:00+00:00,18
2025-11-14 18:00:00+00:00,34,2,10847,94.72,94.72,93.53,93.65,306070,MRK,2025-11-14 18:00:00+00:00,18
2025-11-14 18:00:00+00:00,34,2,3745,78.17,78.625,77.77,78.515,695402,CSCO,2025-11-14 18:00:00+00:00,18
2025-11-14 18:00:00+00:00,34,2,3572,924.59,925.65,923.75,925.4,23088,COST,2025-11-14 18:00:00+00:00,18
2025-11-14 18:00:00+00:00,34,2,54,234.43,234.43,232.76,233.67,30305,ABBV,2025-11-14 18:00:00+00:00,18
2025-11-14 18:00:00+00:00,34,2,17448,101.75,101.98,101.675,101.935,167472,WMT,2025-11-14 18:00:00+00:00,18
2025-11-14 18:00:00+00:00,34,2,9155,305.61,305.61,303.63,304.4,95274,JPM,2025-11-14 18:00:00+00:00,18
2025-11-14 18:00:00+00:00,34,2,1429,342.79,343.63,341.07,342.78,175282,AVGO,2025-11-14 18:00:00+00:00,18
2025-11-14 18:00:00+00:00,34,2,12540,147.91,148.09,147.73,147.95,158328,PG,2025-11-14 18:00:00+00:00,18
2025-11-14 18:00:00+00:00,34,2,10888,508.3,509.67,507.41,509.45,358914,MSFT,2025-11-14 18:00:00+00:00,18
2025-11-14 18:00:00+00:00,34,2,16727,331.165,331.25,329.38,329.8,77273,V,2025-11-14 18:00:00+00:00,18
2025-11-14 18:00:00+00:00,34,2,9928,1030.47,1031.52,1026.82,1029.02,34464,LLY,2025-11-14 18:00:00+00:00,18
2025-11-14 19:00:00+00:00,34,2,54,233.73,235.01,233.52,234.69,108427,ABBV,2025-11-14 19:00:00+00:00,19
2025-11-14 19:00:00+00:00,34,2,853,236.24,236.5,235.34,235.58,753897,AMZN,2025-11-14 19:00:00+00:00,19
2025-11-14 19:00:00+00:00,34,2,1429,342.73,344.68,341.15,343.685,234979,AVGO,2025-11-14 19:00:00+00:00,19
2025-11-14 19:00:00+00:00,34,2,10451,611.92,613.67,610.63,612.61,255940,META,2025-11-14 19:00:00+00:00,19
2025-11-14 19:00:00+00:00,34,2,10847,93.66,94.26,93.405,94.15,319995,MRK,2025-11-14 19:00:00+00:00,19
2025-11-14 19:00:00+00:00,34,2,9113,196.57,197.18,196.5,197.15,109756,JNJ,2025-11-14 19:00:00+00:00,19
2025-11-14 19:00:00+00:00,34,2,10193,547.41,547.79,545.95,546.22,29418,MA,2025-11-14 19:00:00+00:00,19
2025-11-14 19:00:00+00:00,34,2,12540,147.96,148.55,147.95,148.25,160857,PG,2025-11-14 19:00:00+00:00,19
2025-11-14 19:00:00+00:00,34,2,16727,329.84,330.66,329.63,330.025,80645,V,2025-11-14 19:00:00+00:00,19
2025-11-14 19:00:00+00:00,34,2,86,130.44,130.77,130.4,130.645,63029,ABT,2025-11-14 19:00:00+00:00,19
2025-11-14 19:00:00+00:00,34,2,2306,512.23,513.19,511.84,512.64,34573,BRK.B,2025-11-14 19:00:00+00:00,19
2025-11-14 19:00:00+00:00,34,2,16244,407.265,410.42,405.32,409.65,1195917,TSLA,2025-11-14 19:00:00+00:00,19
2025-11-14 19:00:00+00:00,34,2,17448,101.94,102.44,101.88,102.325,175143,WMT,2025-11-14 19:00:00+00:00,19
2025-11-14 19:00:00+00:00,34,2,9155,304.38,305.55,304.17,305.41,69088,JPM,2025-11-14 19:00:00+00:00,19
2025-11-14 19:00:00+00:00,34,2,168,246.23,246.82,245.76,246.78,21856,ACN,2025-11-14 19:00:00+00:00,19
2025-11-14 19:00:00+00:00,34,2,9475,70.8,71.045,70.78,71.03,162597,KO,2025-11-14 19:00:00+00:00,19
2025-11-14 19:00:00+00:00,34,2,11667,189.48,191.01,188.57,190.72,3045044,NVDA,2025-11-14 19:00:00+00:00,19
2025-11-14 19:00:00+00:00,34,2,9928,1029.09,1033.11,1027.42,1031.795,43920,LLY,2025-11-14 19:00:00+00:00,19
2025-11-14 19:00:00+00:00,34,2,3942,157.42,157.95,157.335,157.9,132910,CVX,2025-11-14 19:00:00+00:00,19
2025-11-14 19:00:00+00:00,34,2,3572,925.5,927.8,924.5,926.47,35873,COST,2025-11-14 19:00:00+00:00,19
2025-11-14 19:00:00+00:00,34,2,12497,25.155,25.23,25.035,25.225,710039,PFE,2025-11-14 19:00:00+00:00,19
2025-11-14 19:00:00+00:00,34,2,38,274.175,274.41,273.79,274.03,620782,AAPL,2025-11-14 19:00:00+00:00,19
2025-11-14 19:00:00+00:00,34,2,7569,363.66,363.78,362.55,362.71,37022,HD,2025-11-14 19:00:00+00:00,19
2025-11-14 19:00:00+00:00,34,2,17709,119.11,119.48,118.97,119.46,232354,XOM,2025-11-14 19:00:00+00:00,19
2025-11-14 19:00:00+00:00,34,2,10888,509.4,511.33,509.3,510.92,356336,MSFT,2025-11-14 19:00:00+00:00,19
2025-11-14 19:00:00+00:00,34,2,12463,145.69,146.67,145.61,146.61,96042,PEP,2025-11-14 19:00:00+00:00,19
2025-11-14 19:00:00+00:00,34,2,3745,78.52,78.665,78.25,78.56,741495,CSCO,2025-11-14 19:00:00+00:00,19
2025-11-14 19:00:00+00:00,34,2,16009,582.39,582.94,581.13,582.67,12656,TMO,2025-11-14 19:00:00+00:00,19
2025-11-14 19:00:00+00:00,34,2,7152,276.99,277.905,276.7,277.49,481637,GOOGL,2025-11-14 19:00:00+00:00,19
2025-11-14 19:00:00+00:00,34,2,16549,323.34,323.69,322.74,323.49,67999,UNH,2025-11-14 19:00:00+00:00,19
2025-11-14 20:00:00+00:00,34,2,2306,512.58,512.66,508.22,509.07,91335,BRK.B,2025-11-14 20:00:00+00:00,20
2025-11-14 20:00:00+00:00,34,2,10847,94.14,94.27,92.85,92.995,713157,MRK,2025-11-14 20:00:00+00:00,20
2025-11-14 20:00:00+00:00,34,2,7152,277.5,278.065,275.77,276.46,1188241,GOOGL,2025-11-14 20:00:00+00:00,20
2025-11-14 20:00:00+00:00,34,2,16549,323.46,323.79,320.49,321.76,179535,UNH,2025-11-14 20:00:00+00:00,20
2025-11-14 20:00:00+00:00,34,2,17448,102.335,102.49,102.21,102.485,429542,WMT,2025-11-14 20:00:00+00:00,20
2025-11-14 20:00:00+00:00,34,2,9475,71.02,71.17,70.905,71.16,356106,KO,2025-11-14 20:00:00+00:00,20
2025-11-14 20:00:00+00:00,34,2,7569,362.66,363.09,361.26,362.3,108134,HD,2025-11-14 20:00:00+00:00,20
2025-11-14 20:00:00+00:00,34,2,12497,25.22,25.235,25.055,25.085,1174574,PFE,2025-11-14 20:00:00+00:00,20
2025-11-14 20:00:00+00:00,34,2,54,234.69,234.87,232.26,232.45,91372,ABBV,2025-11-14 20:00:00+00:00,20
2025-11-14 20:00:00+00:00,34,2,9113,197.145,197.16,195.84,195.96,249312,JNJ,2025-11-14 20:00:00+00:00,20
2025-11-14 20:00:00+00:00,34,2,9155,305.39,305.59,303.06,303.73,259165,JPM,2025-11-14 20:00:00+00:00,20
2025-11-14 20:00:00+00:00,34,2,168,246.71,246.93,245.17,245.23,56280,ACN,2025-11-14 20:00:00+00:00,20
2025-11-14 20:00:00+00:00,34,2,38,274.02,274.24,272.17,272.6,2258911,AAPL,2025-11-14 20:00:00+00:00,20
2025-11-14 20:00:00+00:00,34,2,10193,546.3,546.445,544.12,545.86,94327,MA,2025-11-14 20:00:00+00:00,20
2025-11-14 20:00:00+00:00,34,2,9928,1031.79,1033.5,1023.16,1026.21,103178,LLY,2025-11-14 20:00:00+00:00,20
2025-11-14 20:00:00+00:00,34,2,3942,157.89,157.95,157.25,157.62,360376,CVX,2025-11-14 20:00:00+00:00,20
2025-11-14 20:00:00+00:00,34,2,10451,612.62,612.84,607.8,609.81,617814,META,2025-11-14 20:00:00+00:00,20
2025-11-14 20:00:00+00:00,34,2,3745,78.57,78.59,77.91,78.03,2320450,CSCO,2025-11-14 20:00:00+00:00,20
2025-11-14 20:00:00+00:00,34,2,16009,582.73,583.13,578.57,579.01,51237,TMO,2025-11-14 20:00:00+00:00,20
2025-11-14 20:00:00+00:00,34,2,16244,409.77,410.3,403.53,404.38,2332375,TSLA,2025-11-14 20:00:00+00:00,20
2025-11-14 20:00:00+00:00,34,2,853,235.59,235.89,234.31,234.75,2810677,AMZN,2025-11-14 20:00:00+00:00,20
2025-11-14 20:00:00+00:00,34,2,1429,343.68,344.115,341.01,342.66,712453,AVGO,2025-11-14 20:00:00+00:00,20
2025-11-14 20:00:00+00:00,34,2,11667,190.73,190.945,189.37,190.28,5495838,NVDA,2025-11-14 20:00:00+00:00,20
2025-11-14 20:00:00+00:00,34,2,17709,119.46,119.47,118.94,119.285,490915,XOM,2025-11-14 20:00:00+00:00,20
2025-11-14 20:00:00+00:00,34,2,12540,148.24,148.35,147.61,147.73,289331,PG,2025-11-14 20:00:00+00:00,20
2025-11-14 20:00:00+00:00,34,2,12463,146.6,146.84,145.75,145.87,419625,PEP,2025-11-14 20:00:00+00:00,20
2025-11-14 20:00:00+00:00,34,2,3572,926.38,927.42,922.31,923.35,90576,COST,2025-11-14 20:00:00+00:00,20
2025-11-14 20:00:00+00:00,34,2,10888,510.96,511.6,508.71,510.4,1057383,MSFT,2025-11-14 20:00:00+00:00,20
2025-11-14 20:00:00+00:00,34,2,16727,330.03,330.635,329.04,329.99,222849,V,2025-11-14 20:00:00+00:00,20
2025-11-14 20:00:00+00:00,34,2,86,130.64,130.95,130.19,130.62,347126,ABT,2025-11-14 20:00:00+00:00,20
2025-11-14 21:00:00+00:00,34,2,9155,304.4,304.41,303.7,304.33,1108,JPM,2025-11-14 21:00:00+00:00,21
2025-11-14 21:00:00+00:00,34,2,168,245.0,245.0,244.75,244.75,60,ACN,2025-11-14 21:00:00+00:00,21
2025-11-14 21:00:00+00:00,34,2,16727,330.47,330.54,330.18,330.21,239,V,2025-11-14 21:00:00+00:00,21
2025-11-14 21:00:00+00:00,34,2,86,130.6,130.6,130.6,130.6,123,ABT,2025-11-14 21:00:00+00:00,21
2025-11-14 21:00:00+00:00,34,2,12463,145.87,146.09,145.56,145.99,1044058,PEP,2025-11-14 21:00:00+00:00,21
2025-11-14 21:00:00+00:00,34,2,3745,78.04,78.09,77.9,78.07,4137836,CSCO,2025-11-14 21:00:00+00:00,21
2025-11-14 21:00:00+00:00,34,2,17448,102.37,102.46,102.28,102.4,3183,WMT,2025-11-14 21:00:00+00:00,21
2025-11-14 21:00:00+00:00,34,2,9475,71.19,71.19,71.1,71.16,361,KO,2025-11-14 21:00:00+00:00,21
2025-11-14 21:00:00+00:00,34,2,1429,342.67,343.36,341.75,342.67,1900486,AVGO,2025-11-14 21:00:00+00:00,21
2025-11-14 21:00:00+00:00,34,2,11667,190.28,190.42,189.8,190.01,10599680,NVDA,2025-11-14 21:00:00+00:00,21
2025-11-14 21:00:00+00:00,34,2,10888,510.4,510.5,509.44,510.05,4192886,MSFT,2025-11-14 21:00:00+00:00,21
2025-11-14 21:00:00+00:00,34,2,3942,157.62,157.72,157.46,157.62,944,CVX,2025-11-14 21:00:00+00:00,21
2025-11-14 21:00:00+00:00,34,2,2306,509.31,509.36,507.99,508.33,4122,BRK.B,2025-11-14 21:00:00+00:00,21
2025-11-14 21:00:00+00:00,34,2,10451,609.81,610.34,608.53,609.42,1353205,META,2025-11-14 21:00:00+00:00,21
2025-11-14 21:00:00+00:00,34,2,3572,923.34,923.34,921.85,922.76,200920,COST,2025-11-14 21:00:00+00:00,21
2025-11-14 21:00:00+00:00,34,2,16009,579.03,579.03,579.03,579.03,5,TMO,2025-11-14 21:00:00+00:00,21
2025-11-14 21:00:00+00:00,34,2,16244,404.41,405.8,403.5,403.83,1999620,TSLA,2025-11-14 21:00:00+00:00,21
2025-11-14 21:00:00+00:00,34,2,17709,119.28,119.3,119.1,119.23,1592,XOM,2025-11-14 21:00:00+00:00,21
2025-11-14 21:00:00+00:00,34,2,12540,147.79,147.82,147.75,147.75,106,PG,2025-11-14 21:00:00+00:00,21
2025-11-14 21:00:00+00:00,34,2,9928,1025.73,1026.89,1025.06,1025.9,807,LLY,2025-11-14 21:00:00+00:00,21
2025-11-14 21:00:00+00:00,34,2,10847,93.0,93.5,92.8,93.4,15187,MRK,2025-11-14 21:00:00+00:00,21
2025-11-14 21:00:00+00:00,34,2,12497,25.09,25.11,25.04,25.07,6329,PFE,2025-11-14 21:00:00+00:00,21
2025-11-14 21:00:00+00:00,34,2,16549,321.47,322.5,318.52,321.24,19132,UNH,2025-11-14 21:00:00+00:00,21
2025-11-14 21:00:00+00:00,34,2,54,232.58,232.88,232.42,232.87,132,ABBV,2025-11-14 21:00:00+00:00,21
2025-11-14 21:00:00+00:00,34,2,9113,195.98,196.0,195.87,195.94,347,JNJ,2025-11-14 21:00:00+00:00,21
2025-11-14 21:00:00+00:00,34,2,853,234.75,235.17,234.32,234.99,3684978,AMZN,2025-11-14 21:00:00+00:00,21
2025-11-14 21:00:00+00:00,34,2,38,272.41,272.67,272.0,272.5,5724400,AAPL,2025-11-14 21:00:00+00:00,21
2025-11-14 21:00:00+00:00,34,2,7569,362.41,362.41,362.41,362.41,9,HD,2025-11-14 21:00:00+00:00,21
2025-11-14 21:00:00+00:00,34,2,10193,545.75,547.5,545.73,547.5,214,MA,2025-11-14 21:00:00+00:00,21
2025-11-14 21:00:00+00:00,34,2,7152,276.46,284.23,275.7,280.66,2844373,GOOGL,2025-11-14 21:00:00+00:00,21
2025-11-14 22:00:00+00:00,34,2,3942,157.6,157.61,157.55,157.61,1738,CVX,2025-11-14 22:00:00+00:00,22
2025-11-14 22:00:00+00:00,34,2,10451,609.41,609.81,608.12,609.18,9589,META,2025-11-14 22:00:00+00:00,22
2025-11-14 22:00:00+00:00,34,2,16244,403.83,404.29,403.6,404.18,41732,TSLA,2025-11-14 22:00:00+00:00,22
2025-11-14 22:00:00+00:00,34,2,16549,321.5,321.5,320.37,320.68,978,UNH,2025-11-14 22:00:00+00:00,22
2025-11-14 22:00:00+00:00,34,2,54,232.82,232.82,232.82,232.82,3,ABBV,2025-11-14 22:00:00+00:00,22
2025-11-14 22:00:00+00:00,34,2,853,235.0,235.45,234.95,235.29,10238,AMZN,2025-11-14 22:00:00+00:00,22
2025-11-14 22:00:00+00:00,34,2,38,272.5,272.57,272.42,272.45,6190,AAPL,2025-11-14 22:00:00+00:00,22
2025-11-14 22:00:00+00:00,34,2,7569,362.37,362.45,362.36,362.45,22,HD,2025-11-14 22:00:00+00:00,22
2025-11-14 22:00:00+00:00,34,2,86,130.55,130.6,130.55,130.6,11,ABT,2025-11-14 22:00:00+00:00,22
2025-11-14 22:00:00+00:00,34,2,2306,508.39,508.43,508.12,508.23,745,BRK.B,2025-11-14 22:00:00+00:00,22
2025-11-14 22:00:00+00:00,34,2,10847,93.4,93.43,93.02,93.03,4304,MRK,2025-11-14 22:00:00+00:00,22
2025-11-14 22:00:00+00:00,34,2,3745,78.09,78.15,78.07,78.07,275,CSCO,2025-11-14 22:00:00+00:00,22
2025-11-14 22:00:00+00:00,34,2,7152,280.86,283.98,280.1,283.34,73257,GOOGL,2025-11-14 22:00:00+00:00,22
2025-11-14 22:00:00+00:00,34,2,9475,71.11,71.11,71.06,71.06,13,KO,2025-11-14 22:00:00+00:00,22
2025-11-14 22:00:00+00:00,34,2,1429,342.66,342.9,342.52,342.75,954,AVGO,2025-11-14 22:00:00+00:00,22
2025-11-14 22:00:00+00:00,34,2,16727,330.31,330.85,330.26,330.85,162,V,2025-11-14 22:00:00+00:00,22
2025-11-14 22:00:00+00:00,34,2,9928,1025.8,1025.8,1024.63,1025.19,29,LLY,2025-11-14 22:00:00+00:00,22
2025-11-14 22:00:00+00:00,34,2,3572,922.91,923.0,922.91,923.0,6,COST,2025-11-14 22:00:00+00:00,22
2025-11-14 22:00:00+00:00,34,2,12497,25.11,25.11,25.07,25.08,858,PFE,2025-11-14 22:00:00+00:00,22
2025-11-14 22:00:00+00:00,34,2,17448,102.46,102.46,102.39,102.39,126,WMT,2025-11-14 22:00:00+00:00,22
2025-11-14 22:00:00+00:00,34,2,9113,196.91,197.0,196.01,196.93,136,JNJ,2025-11-14 22:00:00+00:00,22
2025-11-14 22:00:00+00:00,34,2,11667,189.97,190.3,189.91,190.3,21433,NVDA,2025-11-14 22:00:00+00:00,22
2025-11-14 22:00:00+00:00,34,2,12540,147.8,147.87,147.68,147.68,19,PG,2025-11-14 22:00:00+00:00,22
2025-11-14 22:00:00+00:00,34,2,12463,145.99,146.0,145.59,146.0,1837,PEP,2025-11-14 22:00:00+00:00,22
2025-11-14 22:00:00+00:00,34,2,9155,304.25,304.27,304.1,304.15,256,JPM,2025-11-14 22:00:00+00:00,22
2025-11-14 22:00:00+00:00,34,2,17709,119.27,119.29,119.22,119.29,224,XOM,2025-11-14 22:00:00+00:00,22
2025-11-14 22:00:00+00:00,34,2,10888,510.05,510.11,509.8,509.9,1434,MSFT,2025-11-14 22:00:00+00:00,22
2025-11-14 23:00:00+00:00,34,2,853,235.35,235.68,235.32,235.5,7854,AMZN,2025-11-14 23:00:00+00:00,23
2025-11-14 23:00:00+00:00,34,2,11667,190.31,190.85,190.13,190.85,25469,NVDA,2025-11-14 23:00:00+00:00,23
2025-11-14 23:00:00+00:00,34,2,12540,147.64,147.64,147.64,147.64,11,PG,2025-11-14 23:00:00+00:00,23
2025-11-14 23:00:00+00:00,34,2,3572,923.03,923.03,922.9,922.9,12,COST,2025-11-14 23:00:00+00:00,23
2025-11-14 23:00:00+00:00,34,2,9475,71.09,71.1,71.09,71.1,102,KO,2025-11-14 23:00:00+00:00,23
2025-11-14 23:00:00+00:00,34,2,10193,546.4,546.4,546.4,546.4,5,MA,2025-11-14 23:00:00+00:00,23
2025-11-14 23:00:00+00:00,34,2,16727,330.6,330.84,330.6,330.7,27,V,2025-11-14 23:00:00+00:00,23
2025-11-14 23:00:00+00:00,34,2,2306,508.31,508.83,508.1,508.1,822,BRK.B,2025-11-14 23:00:00+00:00,23
2025-11-14 23:00:00+00:00,34,2,10451,609.0,609.75,608.8,609.75,3090,META,2025-11-14 23:00:00+00:00,23
2025-11-14 23:00:00+00:00,34,2,3745,78.18,78.18,78.06,78.07,589,CSCO,2025-11-14 23:00:00+00:00,23
2025-11-14 23:00:00+00:00,34,2,16549,320.74,320.94,320.12,320.9,829,UNH,2025-11-14 23:00:00+00:00,23
2025-11-14 23:00:00+00:00,34,2,17448,102.43,102.43,102.32,102.43,7,WMT,2025-11-14 23:00:00+00:00,23
2025-11-14 23:00:00+00:00,34,2,9155,304.41,304.41,304.41,304.41,2,JPM,2025-11-14 23:00:00+00:00,23
2025-11-14 23:00:00+00:00,34,2,1429,342.79,343.39,342.79,343.1,454,AVGO,2025-11-14 23:00:00+00:00,23
2025-11-14 23:00:00+00:00,34,2,10888,509.95,510.0,509.82,509.95,565,MSFT,2025-11-14 23:00:00+00:00,23
2025-11-14 23:00:00+00:00,34,2,9928,1024.98,1025.2,1024.98,1024.98,141,LLY,2025-11-14 23:00:00+00:00,23
2025-11-14 23:00:00+00:00,34,2,3942,157.68,157.69,157.68,157.69,28,CVX,2025-11-14 23:00:00+00:00,23
2025-11-14 23:00:00+00:00,34,2,9113,195.9,195.9,195.9,195.9,9,JNJ,2025-11-14 23:00:00+00:00,23
2025-11-14 23:00:00+00:00,34,2,38,272.46,272.57,272.46,272.56,845,AAPL,2025-11-14 23:00:00+00:00,23
2025-11-14 23:00:00+00:00,34,2,17709,119.28,119.31,119.28,119.31,1358,XOM,2025-11-14 23:00:00+00:00,23
2025-11-14 23:00:00+00:00,34,2,7152,283.33,285.71,283.21,285.5,66056,GOOGL,2025-11-14 23:00:00+00:00,23
2025-11-14 23:00:00+00:00,34,2,16244,404.18,404.74,403.89,404.67,15934,TSLA,2025-11-14 23:00:00+00:00,23
